{
  "version": 1,
  "author": "Gwnn Dio",
  "editor": "wokwi",
  "parts": [
    { "type": "wokwi-arduino-uno", "id": "uno", "top": 0, "left": 0, "attrs": {} },
    {
      "type": "wokwi-dht22",
      "id": "dht1",
      "top": 57.9,
      "left": 359.4,
      "attrs": { "temperature": "27.8", "humidity": "50" }
    },
    {
      "type": "board-ssd1306",
      "id": "oled1",
      "top": 233.54,
      "left": 269.03,
      "attrs": { "i2cAddress": "0x3c" }
    },
    {
      "type": "wokwi-buzzer",
      "id": "bz1",
      "top": -93.6,
      "left": 193.8,
      "attrs": { "volume": "0.1" }
    },
    {
      "type": "wokwi-led",
      "id": "led1",
      "top": 236.4,
      "left": 224.6,
      "attrs": { "color": "red" }
    },
    {
      "type": "wokwi-resistor",
      "id": "r1",
      "top": -43.75,
      "left": 113.8,
      "attrs": { "value": "220" }
    }
  ],
  "connections": [
    [ "dht1:VCC", "uno:5V", "red", [ "v0" ] ],
    [ "oled1:GND", "uno:GND.2", "black", [ "v0" ] ],
    [ "dht1:GND", "uno:GND.2", "black", [ "v0" ] ],
    [ "oled1:VCC", "uno:5V", "red", [ "v0" ] ],
    [ "oled1:SCL", "uno:A5", "green", [ "v0" ] ],
    [ "oled1:SDA", "uno:A4", "green", [ "v0" ] ],
    [ "bz1:2", "uno:3", "green", [ "v0" ] ],
    [ "bz1:1", "uno:GND.1", "green", [ "v0" ] ],
    [ "dht1:SDA", "uno:2", "green", [ "v-9.6", "h-86.3", "v-172.8", "h-57.6" ] ],
    [ "led1:A", "r1:1", "green", [ "v0" ] ],
    [ "r1:2", "uno:4", "green", [ "v0" ] ],
    [ "led1:C", "uno:GND.1", "green", [ "v0" ] ]
  ],
  "dependencies": {}
}